custom_id,unique_id,full_name,gold,predicted,finish_reason,correct
0,ll_0000,Miguel Ortiz,lz,lz,stop,1
1,ll_0001,Angela Vega,aa,aa,stop,1
2,ll_0002,Angel Perez,lz,lz,stop,1
3,ll_0003,Anthony Gonzales,ys,ys,stop,1
4,ll_0004,John Salazar,nr,nr,stop,1
5,ll_0005,Tony Vega,ya,ya,stop,1
6,ll_0006,Ashley Herrera,ya,ya,stop,1
7,ll_0007,Brandon Harris,ns,ns,stop,1
8,ll_0008,Veronica Garza,aa,aa,stop,1
9,ll_0009,Anna Vazquez,az,az,stop,1
10,ll_0010,Maria Adams,as,as,stop,1
11,ll_0011,Cindy Garza,ya,ya,stop,1
12,ll_0012,Martha Soto,ao,ao,stop,1
13,ll_0013,Scott Johnson,tn,tn,stop,1
14,ll_0014,Samantha Anderson,an,an,stop,1
15,ll_0015,Javier Maldonado,ro,ro,stop,1
16,ll_0016,Linda King,ag,ag,stop,1
17,ll_0017,Angel Contreras,ls,ls,stop,1
18,ll_0018,Carmen Reyes,ns,ns,stop,1
19,ll_0019,Samantha Harris,as,as,stop,1
20,ll_0020,Kimberly Diaz,yz,yz,stop,1
21,ll_0021,Christopher Vazquez,rz,rz,stop,1
22,ll_0022,Carmen Rivera,na,na,stop,1
23,ll_0023,Amy Herrera,ya,ya,stop,1
24,ll_0024,Luis Lewis,ss,ss,stop,1
25,ll_0025,Joe James,es,es,stop,1
26,ll_0026,Cindy Silva,ya,ya,stop,1
27,ll_0027,Joseph Santiago,ho,ho,stop,1
28,ll_0028,Paul Wright,lt,lt,stop,1
29,ll_0029,Jonathan Hernandez,nz,nz,stop,1
30,ll_0030,Michael Walker,lr,lr,stop,1
31,ll_0031,Teresa Scott,at,at,stop,1
32,ll_0032,Laura Estrada,aa,aa,stop,1
33,ll_0033,Jesus Williams,ss,ss,stop,1
34,ll_0034,Emily Romero,yo,yo,stop,1
35,ll_0035,Joseph Hill,hl,hl,stop,1
36,ll_0036,Maria Sandoval,al,al,stop,1
37,ll_0037,Teresa Davis,as,as,stop,1
38,ll_0038,Maria Lewis,as,as,stop,1
39,ll_0039,Luis Diaz,sz,sz,stop,1
40,ll_0040,Paul Fernandez,lz,lz,stop,1
41,ll_0041,Francisco Reyes,os,os,stop,1
42,ll_0042,Lisa Campbell,al,al,stop,1
43,ll_0043,Barbara Cruz,az,az,stop,1
44,ll_0044,Michelle Ortega,ea,ea,stop,1
45,ll_0045,Jorge Allen,en,en,stop,1
46,ll_0046,Mark Jackson,kn,kn,stop,1
47,ll_0047,Miguel Robinson,ln,ln,stop,1
48,ll_0048,Ryan Santiago,no,no,stop,1
49,ll_0049,Mary Reyes,ys,ys,stop,1
50,ll_0050,Antonio Hernandez,oz,oz,stop,1
51,ll_0051,Michelle Fernandez,ez,ez,stop,1
52,ll_0052,Claudia Guerrero,ao,ao,stop,1
53,ll_0053,Anthony Rios,ys,ys,stop,1
54,ll_0054,Chris Sandoval,sl,sl,stop,1
55,ll_0055,Alex Rodriguez,xz,xz,stop,1
56,ll_0056,Maria Patel,al,al,stop,1
57,ll_0057,Eric Ramirez,cz,cz,stop,1
58,ll_0058,Michelle Romero,eo,eo,stop,1
59,ll_0059,David Nelson,dn,dn,stop,1
60,ll_0060,Scott Rojas,ts,ts,stop,1
61,ll_0061,David Johnson,dn,dn,stop,1
62,ll_0062,Stephanie Mendoza,ea,ea,stop,1
63,ll_0063,Mario Gutierrez,oz,oz,stop,1
64,ll_0064,Oscar Silva,ra,ra,stop,1
65,ll_0065,Mike Perez,ez,ez,stop,1
66,ll_0066,Rachel Guerrero,lo,lo,stop,1
67,ll_0067,Ryan Silva,na,na,stop,1
68,ll_0068,Rachel Castro,lo,lo,stop,1
69,ll_0069,Brian Castro,no,no,stop,1
70,ll_0070,Jennifer Estrada,ra,ra,stop,1
71,ll_0071,Anthony Gonzales,ys,ys,stop,1
72,ll_0072,Sandra Lopez,az,az,stop,1
73,ll_0073,Anna Medina,aa,aa,stop,1
74,ll_0074,Kevin Ortiz,nz,nz,stop,1
75,ll_0075,Christopher Scott,rt,rt,stop,1
76,ll_0076,Katie Rios,es,es,stop,1
77,ll_0077,Brian White,ne,ne,stop,1
78,ll_0078,Karen Brown,nn,nn,stop,1
79,ll_0079,Luis White,se,se,stop,1
80,ll_0080,Antonio Sanchez,oz,oz,stop,1
81,ll_0081,Jessica Walker,ar,ar,stop,1
82,ll_0082,Kelly Rios,ys,ys,stop,1
83,ll_0083,Diana Ortiz,az,az,stop,1
84,ll_0084,Jorge Wright,et,et,stop,1
85,ll_0085,Elizabeth Clark,hk,hk,stop,1
86,ll_0086,Gloria Allen,an,an,stop,1
87,ll_0087,Kimberly Ortiz,yz,yz,stop,1
88,ll_0088,Teresa Khan,an,an,stop,1
89,ll_0089,Katie Gutierrez,ez,ez,stop,1
90,ll_0090,Lauren Garcia,na,na,stop,1
91,ll_0091,Diana Silva,aa,aa,stop,1
92,ll_0092,Jose Smith,eh,eh,stop,1
93,ll_0093,Andrew Adams,ws,ws,stop,1
94,ll_0094,Amy Scott,yt,yt,stop,1
95,ll_0095,Susan Fernandez,nz,nz,stop,1
96,ll_0096,Jose Jackson,en,en,stop,1
97,ll_0097,William Aguilar,mr,lr,stop,0
98,ll_0098,Lisa Smith,ah,ah,stop,1
99,ll_0099,Katie Anderson,en,en,stop,1
100,ll_0100,Alex Sanchez,xz,xz,stop,1
101,ll_0101,Lauren White,ne,ne,stop,1
102,ll_0102,Chris Thomas,ss,ss,stop,1
103,ll_0103,Brenda Ortiz,az,az,stop,1
104,ll_0104,Francisco Mitchell,ol,ol,stop,1
105,ll_0105,Jason Rodriguez,nz,nz,stop,1
106,ll_0106,Jason Nelson,nn,nn,stop,1
107,ll_0107,Michael Davis,ls,ls,stop,1
108,ll_0108,Nancy Thomas,ys,ys,stop,1
109,ll_0109,Karen Smith,nh,nh,stop,1
110,ll_0110,Ryan Sandoval,nl,nl,stop,1
111,ll_0111,Carlos Green,sn,sn,stop,1
112,ll_0112,Steve Kim,em,em,stop,1
113,ll_0113,Kim Robinson,mn,mn,stop,1
114,ll_0114,Patricia Sanchez,az,az,stop,1
115,ll_0115,Cindy Harris,ys,ys,stop,1
116,ll_0116,David Anderson,dn,dn,stop,1
117,ll_0117,Elizabeth Santiago,ho,ho,stop,1
118,ll_0118,Claudia Soto,ao,ao,stop,1
119,ll_0119,Scott Mitchell,tl,tl,stop,1
120,ll_0120,Jennifer Cruz,rz,rz,stop,1
121,ll_0121,Sara Mejia,aa,aa,stop,1
122,ll_0122,Robert Alvarez,tz,tz,stop,1
123,ll_0123,Linda Santos,as,as,stop,1
124,ll_0124,Mary Maldonado,yo,yo,stop,1
125,ll_0125,Karen Rivera,na,na,stop,1
126,ll_0126,Brenda King,ag,ag,stop,1
127,ll_0127,Kim Gomez,mz,mz,stop,1
128,ll_0128,Brandon Maldonado,no,no,stop,1
129,ll_0129,Lauren Torres,ns,ns,stop,1
130,ll_0130,Emily Scott,yt,yt,stop,1
131,ll_0131,Nick Gomez,kz,kz,stop,1
132,ll_0132,Karen Patel,nl,nl,stop,1
133,ll_0133,James Torres,ss,ss,stop,1
134,ll_0134,Sandra Moore,ae,ae,stop,1
135,ll_0135,Angel Cruz,lz,lz,stop,1
136,ll_0136,Steven Vazquez,nz,nz,stop,1
137,ll_0137,Ashley Green,yn,yn,stop,1
138,ll_0138,Diana Ramos,as,as,stop,1
139,ll_0139,Jesus Kim,sm,sm,stop,1
140,ll_0140,Mary Kim,ym,ym,stop,1
141,ll_0141,Manuel Williams,ls,ls,stop,1
142,ll_0142,Rosa Lewis,as,as,stop,1
143,ll_0143,Steve Khan,en,en,stop,1
144,ll_0144,Joe Harris,es,es,stop,1
145,ll_0145,Manuel Miller,lr,lr,stop,1
146,ll_0146,Nancy Morales,ys,ys,stop,1
147,ll_0147,Tony Johnson,yn,yn,stop,1
148,ll_0148,Mario Lewis,os,os,stop,1
149,ll_0149,Nick Ramirez,kz,kz,stop,1
150,ll_0150,Nancy Rivera,ya,ya,stop,1
151,ll_0151,Amy Perez,yz,yz,stop,1
152,ll_0152,Christina Williams,as,as,stop,1
153,ll_0153,Ryan Luna,na,na,stop,1
154,ll_0154,Mike Harris,es,es,stop,1
155,ll_0155,Julie Diaz,ez,ez,stop,1
156,ll_0156,Antonio Perez,oz,oz,stop,1
157,ll_0157,Mark Castillo,ko,ko,stop,1
158,ll_0158,Kim Lewis,ms,ms,stop,1
159,ll_0159,Kevin Johnson,nn,nn,stop,1
160,ll_0160,Ashley Gonzalez,yz,yz,stop,1
161,ll_0161,Anna Medina,aa,aa,stop,1
162,ll_0162,Jason Robinson,nn,nn,stop,1
163,ll_0163,Manuel Thomas,ls,ls,stop,1
164,ll_0164,Matt Vazquez,tz,tz,stop,1
165,ll_0165,Jennifer Rodriguez,rz,rz,stop,1
166,ll_0166,Victor Hernandez,rz,rz,stop,1
167,ll_0167,Lauren Brown,nn,nn,stop,1
168,ll_0168,Patricia Gutierrez,az,az,stop,1
169,ll_0169,Juan Harris,ns,ns,stop,1
170,ll_0170,Samantha Santiago,ao,ao,stop,1
171,ll_0171,Martha Hill,al,al,stop,1
172,ll_0172,Scott Thomas,ts,ts,stop,1
173,ll_0173,Christopher Williams,rs,rs,stop,1
174,ll_0174,Teresa Vazquez,az,az,stop,1
175,ll_0175,Nick Castro,ko,ko,stop,1
176,ll_0176,John Anderson,nn,nn,stop,1
177,ll_0177,Nick Alvarado,ko,ko,stop,1
178,ll_0178,Eric Rodriguez,cz,cz,stop,1
179,ll_0179,Kevin Castro,no,no,stop,1
180,ll_0180,Matt Adams,ts,ts,stop,1
181,ll_0181,Jeff Reyes,fs,fs,stop,1
182,ll_0182,Nick Moreno,ko,ko,stop,1
183,ll_0183,Michael Mendez,lz,lz,stop,1
184,ll_0184,Karen White,ne,ne,stop,1
185,ll_0185,Karen Singh,nh,nh,stop,1
186,ll_0186,Jason Ramirez,nz,nz,stop,1
187,ll_0187,Jonathan Nelson,nn,nn,stop,1
188,ll_0188,Mary Castro,yo,yo,stop,1
189,ll_0189,Pedro Ruiz,oz,oz,stop,1
190,ll_0190,Laura Davis,as,as,stop,1
191,ll_0191,Javier Hill,rl,rl,stop,1
192,ll_0192,Amanda Nelson,an,an,stop,1
193,ll_0193,Nicole Rojas,es,es,stop,1
194,ll_0194,Patricia Nguyen,an,an,stop,1
195,ll_0195,Kathy Jones,ys,ys,stop,1
196,ll_0196,Eric Moore,ce,ce,stop,1
197,ll_0197,Patricia Mendoza,aa,aa,stop,1
198,ll_0198,Carlos Cruz,sz,sz,stop,1
199,ll_0199,Mario Martinez,oz,oz,stop,1
200,ll_0200,Paul Rojas,ls,ls,stop,1
201,ll_0201,Elizabeth Torres,hs,hs,stop,1
202,ll_0202,Kelly Gutierrez,yz,yz,stop,1
203,ll_0203,Laura Nelson,an,an,stop,1
204,ll_0204,Rosa Torres,as,as,stop,1
205,ll_0205,Ryan Vazquez,nz,nz,stop,1
206,ll_0206,Jose Silva,ea,ea,stop,1
207,ll_0207,Carlos James,ss,ss,stop,1
208,ll_0208,Karen Perez,nz,nz,stop,1
209,ll_0209,Lisa Thompson,an,an,stop,1
210,ll_0210,Katie Castillo,eo,eo,stop,1
211,ll_0211,Ashley Hall,yl,yl,stop,1
212,ll_0212,Susan Guzman,nn,nn,stop,1
213,ll_0213,Sara Sanchez,az,az,stop,1
214,ll_0214,Kelly Cruz,yz,yz,stop,1
215,ll_0215,Kim Martinez,mz,mz,stop,1
216,ll_0216,Steve Salazar,er,er,stop,1
217,ll_0217,Mike Silva,ea,ea,stop,1
218,ll_0218,Daniel Salazar,lr,nr,stop,0
219,ll_0219,Rachel Walker,lr,lr,stop,1
220,ll_0220,Christopher Clark,rk,rk,stop,1
221,ll_0221,Juan Jackson,nn,nn,stop,1
222,ll_0222,Barbara Jones,as,as,stop,1
223,ll_0223,Kimberly Nguyen,yn,yn,stop,1
224,ll_0224,Jorge Fernandez,ez,ez,stop,1
225,ll_0225,Patricia Adams,as,as,stop,1
226,ll_0226,Steven Wilson,nn,nn,stop,1
227,ll_0227,Kevin Herrera,na,na,stop,1
228,ll_0228,Miguel Harris,ls,ls,stop,1
229,ll_0229,Angel Ruiz,lz,lz,stop,1
230,ll_0230,Lauren Vargas,ns,ns,stop,1
231,ll_0231,Gloria Green,an,an,stop,1
232,ll_0232,Miguel Silva,la,la,stop,1
233,ll_0233,Katie Vega,ea,ea,stop,1
234,ll_0234,Robert Walker,tr,tr,stop,1
235,ll_0235,Emily Harris,ys,ys,stop,1
236,ll_0236,Martha Gonzalez,az,az,stop,1
237,ll_0237,Daniel Torres,ls,ns,stop,0
238,ll_0238,Claudia Aguilar,ar,ar,stop,1
239,ll_0239,Ashley Patel,yl,yl,stop,1
240,ll_0240,Lisa Castro,ao,ao,stop,1
241,ll_0241,Kim Lee,me,me,stop,1
242,ll_0242,Matthew Green,wn,wn,stop,1
243,ll_0243,Joseph Mitchell,hl,hl,stop,1
244,ll_0244,Francisco Ruiz,oz,oz,stop,1
245,ll_0245,Joe Nguyen,en,en,stop,1
246,ll_0246,Jorge Perez,ez,ez,stop,1
247,ll_0247,Kathy Salazar,yr,yr,stop,1
248,ll_0248,Joe Delgado,eo,eo,stop,1
249,ll_0249,Martha Flores,as,as,stop,1
250,ll_0250,Laura Alvarado,ao,ao,stop,1
251,ll_0251,Christopher Moore,re,re,stop,1
252,ll_0252,Katie Marie,ee,ee,stop,1
253,ll_0253,Manuel Garza,la,la,stop,1
254,ll_0254,Andrew Vega,wa,wa,stop,1
255,ll_0255,James Flores,ss,ss,stop,1
256,ll_0256,Kathy Vega,ya,ya,stop,1
257,ll_0257,Mary Clark,yk,yk,stop,1
258,ll_0258,Katie Ortega,ea,ea,stop,1
259,ll_0259,Amy Hernandez,yz,yz,stop,1
260,ll_0260,Veronica Kim,am,am,stop,1
261,ll_0261,Anthony Soto,yo,yo,stop,1
262,ll_0262,Paul James,ls,ls,stop,1
263,ll_0263,Monica Gomez,az,az,stop,1
264,ll_0264,Anthony Garza,ya,ya,stop,1
265,ll_0265,Steve Williams,es,es,stop,1
266,ll_0266,Jennifer Vargas,rs,rs,stop,1
267,ll_0267,Angel Romero,lo,lo,stop,1
268,ll_0268,Gloria Diaz,az,az,stop,1
269,ll_0269,Justin Allen,nn,nn,stop,1
270,ll_0270,Sandra Ramirez,az,az,stop,1
271,ll_0271,Tony Wright,yt,yt,stop,1
272,ll_0272,James Garza,sa,sa,stop,1
273,ll_0273,Daniel Silva,la,na,stop,0
274,ll_0274,Andrew Castro,wo,wo,stop,1
275,ll_0275,Patricia Patel,al,al,stop,1
276,ll_0276,Amy White,ye,ye,stop,1
277,ll_0277,Matthew James,ws,ws,stop,1
278,ll_0278,Nancy Rojas,ys,ys,stop,1
279,ll_0279,Matthew Jackson,wn,wn,stop,1
280,ll_0280,Sandra Ortiz,az,az,stop,1
281,ll_0281,Melissa Ramos,as,as,stop,1
282,ll_0282,Christina Wilson,an,an,stop,1
283,ll_0283,Joseph Hall,hl,hl,stop,1
284,ll_0284,Matthew Contreras,ws,ws,stop,1
285,ll_0285,Nicole Wright,et,et,stop,1
286,ll_0286,Jorge Garcia,ea,ea,stop,1
287,ll_0287,John Vega,na,na,stop,1
288,ll_0288,Kathy Soto,yo,yo,stop,1
289,ll_0289,Francisco Khan,on,on,stop,1
290,ll_0290,Karen Cruz,nz,nz,stop,1
291,ll_0291,James Martin,sn,sn,stop,1
292,ll_0292,Eric Hill,cl,cl,stop,1
293,ll_0293,Jonathan Garcia,na,na,stop,1
294,ll_0294,Susan Adams,ns,ns,stop,1
295,ll_0295,Monica Cruz,az,az,stop,1
296,ll_0296,Manuel Carter,lr,lr,stop,1
297,ll_0297,Jennifer Ortega,ra,ra,stop,1
298,ll_0298,Teresa Walker,ar,ar,stop,1
299,ll_0299,Carlos Williams,ss,ss,stop,1
300,ll_0300,Javier Cruz,rz,rz,stop,1
301,ll_0301,Luis Singh,sh,sh,stop,1
302,ll_0302,Rachel Marie,le,le,stop,1
303,ll_0303,Heather Nelson,rn,rn,stop,1
304,ll_0304,Susan Ramirez,nz,nz,stop,1
305,ll_0305,Kim Contreras,ms,ms,stop,1
306,ll_0306,Susan Thompson,nn,nn,stop,1
307,ll_0307,Barbara Khan,an,an,stop,1
308,ll_0308,Amanda Jackson,an,an,stop,1
309,ll_0309,Sara Carter,ar,ar,stop,1
310,ll_0310,Antonio Castillo,oo,oo,stop,1
311,ll_0311,Robert Singh,th,th,stop,1
312,ll_0312,David Moreno,do,do,stop,1
313,ll_0313,Richard Vega,da,da,stop,1
314,ll_0314,Victor Hill,rl,rl,stop,1
315,ll_0315,Michael Thompson,ln,ln,stop,1
316,ll_0316,Sandra Hill,al,al,stop,1
317,ll_0317,Miguel Martin,ln,ln,stop,1
318,ll_0318,James Herrera,sa,sa,stop,1
319,ll_0319,Elizabeth Moore,he,he,stop,1
320,ll_0320,Tony Mitchell,yl,yl,stop,1
321,ll_0321,Anthony Soto,yo,yo,stop,1
322,ll_0322,Oscar Garza,ra,ra,stop,1
323,ll_0323,Joseph Perez,hz,hz,stop,1
324,ll_0324,Richard Guzman,dn,dn,stop,1
325,ll_0325,Gloria Torres,as,as,stop,1
326,ll_0326,Paul Young,lg,lg,stop,1
327,ll_0327,Sharon Ramos,ns,ns,stop,1
328,ll_0328,Christina Jones,as,as,stop,1
329,ll_0329,Samantha Brown,an,an,stop,1
330,ll_0330,Stephanie Ramirez,ez,ez,stop,1
331,ll_0331,Mary Lee,ye,ye,stop,1
332,ll_0332,Sara Vasquez,az,az,stop,1
333,ll_0333,Lauren Medina,na,na,stop,1
334,ll_0334,Gloria Salazar,ar,ar,stop,1
335,ll_0335,Alex Harris,xs,xs,stop,1
336,ll_0336,Anthony Marie,ye,ye,stop,1
337,ll_0337,Samantha Alvarez,az,az,stop,1
338,ll_0338,Antonio Morales,os,os,stop,1
339,ll_0339,Martha Perez,az,az,stop,1
340,ll_0340,Jonathan Gutierrez,nz,nz,stop,1
341,ll_0341,Mike Miller,er,er,stop,1
342,ll_0342,Kathy Sanchez,yz,yz,stop,1
343,ll_0343,Martha White,ae,ae,stop,1
344,ll_0344,Eric Medina,ca,ca,stop,1
345,ll_0345,Robert Guzman,tn,tn,stop,1
346,ll_0346,Diana Adams,as,as,stop,1
347,ll_0347,Brian Walker,nr,nr,stop,1
348,ll_0348,Linda Reyes,as,as,stop,1
349,ll_0349,Rachel Kim,lm,lm,stop,1
350,ll_0350,Linda Silva,aa,aa,stop,1
351,ll_0351,Elizabeth Perez,hz,hz,stop,1
352,ll_0352,Miguel Diaz,lz,lz,stop,1
353,ll_0353,Gloria Delgado,ao,ao,stop,1
354,ll_0354,Nicole Thomas,es,es,stop,1
355,ll_0355,Sharon Moore,ne,ne,stop,1
356,ll_0356,Angel Castillo,lo,lo,stop,1
357,ll_0357,Mark Jones,ks,ks,stop,1
358,ll_0358,Juan Moore,ne,ne,stop,1
359,ll_0359,Michelle Vargas,es,es,stop,1
360,ll_0360,Eric Anderson,cn,cn,stop,1
361,ll_0361,Michael Gonzales,ls,ls,stop,1
362,ll_0362,Christopher Gomez,rz,rz,stop,1
363,ll_0363,Melissa Vasquez,az,az,stop,1
364,ll_0364,Christopher Hall,rl,rl,stop,1
365,ll_0365,David Romero,do,do,stop,1
366,ll_0366,Javier Flores,rs,rs,stop,1
367,ll_0367,James Anderson,sn,sn,stop,1
368,ll_0368,Antonio Young,og,og,stop,1
369,ll_0369,Nick Nguyen,kn,kn,stop,1
370,ll_0370,Javier Brown,rn,rn,stop,1
371,ll_0371,Gloria Castro,ao,ao,stop,1
372,ll_0372,Samantha Jimenez,az,az,stop,1
373,ll_0373,Carmen Ramos,ns,ns,stop,1
374,ll_0374,Luis Chavez,sz,sz,stop,1
375,ll_0375,Lauren Campbell,nl,nl,stop,1
376,ll_0376,Susan Medina,na,na,stop,1
377,ll_0377,Melissa Young,ag,ag,stop,1
378,ll_0378,Ryan Alvarado,no,no,stop,1
379,ll_0379,John Anderson,nn,nn,stop,1
380,ll_0380,Cindy Maldonado,yo,yo,stop,1
381,ll_0381,Steven Maldonado,no,no,stop,1
382,ll_0382,Michelle Khan,en,en,stop,1
383,ll_0383,Steven Garza,na,na,stop,1
384,ll_0384,Melissa Rivera,aa,aa,stop,1
385,ll_0385,Kathy Singh,yh,yh,stop,1
386,ll_0386,Jennifer Garcia,ra,ra,stop,1
387,ll_0387,Victor Miller,rr,rr,stop,1
388,ll_0388,Carlos Martin,sn,sn,stop,1
389,ll_0389,Ryan Garza,na,na,stop,1
390,ll_0390,Ana King,ag,ag,stop,1
391,ll_0391,Sarah Hill,hl,hl,stop,1
392,ll_0392,Angela Davis,as,as,stop,1
393,ll_0393,Mario Harris,os,os,stop,1
394,ll_0394,Mike Miller,er,er,stop,1
395,ll_0395,Julie Morales,es,es,stop,1
396,ll_0396,Patricia Hernandez,az,an,stop,0
397,ll_0397,Chris Vazquez,sz,sz,stop,1
398,ll_0398,Paul Carter,lr,lr,stop,1
399,ll_0399,Kimberly Smith,yh,yh,stop,1
400,ll_0400,Luis Diaz,sz,sz,stop,1
401,ll_0401,Elizabeth Young,hg,hg,stop,1
402,ll_0402,Jessica Davis,as,as,stop,1
403,ll_0403,Richard Jimenez,dz,dz,stop,1
404,ll_0404,Rachel Anderson,ln,ln,stop,1
405,ll_0405,Kevin James,ns,ns,stop,1
406,ll_0406,Anthony Johnson,yn,yn,stop,1
407,ll_0407,Karen Delgado,no,no,stop,1
408,ll_0408,Sara Ruiz,az,az,stop,1
409,ll_0409,Elizabeth Garza,ha,ha,stop,1
410,ll_0410,Mary Soto,yo,yo,stop,1
411,ll_0411,Brenda Martin,an,an,stop,1
412,ll_0412,Christopher Moore,re,re,stop,1
413,ll_0413,Carlos Kim,sm,sm,stop,1
414,ll_0414,Kathy Ortiz,yz,yz,stop,1
415,ll_0415,Sarah Vazquez,hz,hz,stop,1
416,ll_0416,Antonio Ortega,oa,oa,stop,1
417,ll_0417,Jessica Sandoval,al,al,stop,1
418,ll_0418,Lisa Robinson,an,an,stop,1
419,ll_0419,Cindy Jackson,yn,yn,stop,1
420,ll_0420,Rachel Jones,ls,ls,stop,1
421,ll_0421,Daniel Delgado,lo,lo,stop,1
422,ll_0422,Katie Mitchell,el,el,stop,1
423,ll_0423,Amy Castro,yo,yo,stop,1
424,ll_0424,Angela Mitchell,al,al,stop,1
425,ll_0425,Jesus Singh,sh,sh,stop,1
426,ll_0426,Luis Mendoza,sa,sa,stop,1
427,ll_0427,Scott Soto,to,to,stop,1
428,ll_0428,Mark King,kg,kg,stop,1
429,ll_0429,Claudia Scott,at,at,stop,1
430,ll_0430,Mary Salazar,yr,yr,stop,1
431,ll_0431,Samantha Sandoval,al,al,stop,1
432,ll_0432,Susan Rios,ns,ns,stop,1
433,ll_0433,Pedro Santos,os,os,stop,1
434,ll_0434,Sarah Ruiz,hz,hz,stop,1
435,ll_0435,Justin Wright,nt,nt,stop,1
436,ll_0436,Brian Hill,nl,nl,stop,1
437,ll_0437,Lisa Romero,ao,ao,stop,1
438,ll_0438,Jose Allen,en,en,stop,1
439,ll_0439,Kimberly Gonzalez,yz,yn,stop,0
440,ll_0440,Javier Thomas,rs,rs,stop,1
441,ll_0441,Amy Khan,yn,yn,stop,1
442,ll_0442,Francisco Fernandez,oz,oz,stop,1
443,ll_0443,Paul Hall,ll,ll,stop,1
444,ll_0444,Christopher Khan,rn,rn,stop,1
445,ll_0445,Andrew Santiago,wo,wo,stop,1
446,ll_0446,Nicole Johnson,en,en,stop,1
447,ll_0447,Michelle Guzman,en,en,stop,1
448,ll_0448,Ryan Delgado,no,no,stop,1
449,ll_0449,Matt Miller,tr,tr,stop,1
450,ll_0450,Matthew Santiago,wo,wo,stop,1
451,ll_0451,Brandon Clark,nk,nk,stop,1
452,ll_0452,Chris Perez,sz,sz,stop,1
453,ll_0453,Anna Diaz,az,az,stop,1
454,ll_0454,Linda Perez,az,az,stop,1
455,ll_0455,Elizabeth Miller,hr,hr,stop,1
456,ll_0456,Sarah Guzman,hn,hn,stop,1
457,ll_0457,Kathy Hernandez,yz,yz,stop,1
458,ll_0458,Kimberly Garza,ya,ya,stop,1
459,ll_0459,Stephanie Carter,er,er,stop,1
460,ll_0460,Julie Thomas,es,es,stop,1
461,ll_0461,David Campbell,dl,dl,stop,1
462,ll_0462,Patricia Rivera,aa,aa,stop,1
463,ll_0463,Angel White,le,le,stop,1
464,ll_0464,Samantha Diaz,az,az,stop,1
465,ll_0465,Martha Gonzalez,az,az,stop,1
466,ll_0466,Nicole Williams,es,es,stop,1
467,ll_0467,Michael Moore,le,le,stop,1
468,ll_0468,Diana Flores,as,as,stop,1
469,ll_0469,Steven Guerrero,no,no,stop,1
470,ll_0470,Carmen Moore,ne,ne,stop,1
471,ll_0471,Claudia Kim,am,am,stop,1
472,ll_0472,Mario Jones,os,os,stop,1
473,ll_0473,Steven Luna,na,na,stop,1
474,ll_0474,Brenda Herrera,aa,aa,stop,1
475,ll_0475,Teresa Maldonado,ao,ao,stop,1
476,ll_0476,Jennifer Vasquez,rz,rz,stop,1
477,ll_0477,Mary Mitchell,yl,yl,stop,1
478,ll_0478,Steve Castro,eo,eo,stop,1
479,ll_0479,Lisa Kim,am,am,stop,1
480,ll_0480,Kim Sanchez,mz,mz,stop,1
481,ll_0481,Justin Harris,ns,ns,stop,1
482,ll_0482,Rachel Walker,lr,lr,stop,1
483,ll_0483,James Campbell,sl,sl,stop,1
484,ll_0484,Samantha Gutierrez,az,az,stop,1
485,ll_0485,Michelle Mitchell,el,el,stop,1
486,ll_0486,Jessica Gomez,az,az,stop,1
487,ll_0487,Jonathan Garcia,na,na,stop,1
488,ll_0488,Christina Rojas,as,as,stop,1
489,ll_0489,Jonathan Alvarado,no,no,stop,1
490,ll_0490,Ryan Smith,nh,nh,stop,1
491,ll_0491,Claudia Mendez,az,az,stop,1
492,ll_0492,Christina Vazquez,az,az,stop,1
493,ll_0493,John Chavez,nz,nz,stop,1
494,ll_0494,Angel Garcia,la,la,stop,1
495,ll_0495,Brandon Smith,nh,nh,stop,1
496,ll_0496,Jeff White,fe,fe,stop,1
497,ll_0497,Juan Lewis,ns,ns,stop,1
498,ll_0498,Christina Taylor,ar,ar,stop,1
499,ll_0499,Maria Estrada,aa,aa,stop,1
500,ll_0500,Andrew Martinez,wz,wz,stop,1
501,ll_0501,Kelly Hall,yl,yl,stop,1
502,ll_0502,Ryan Green,nn,nn,stop,1
503,ll_0503,Angel Ruiz,lz,lz,stop,1
504,ll_0504,Kevin Walker,nr,nr,stop,1
505,ll_0505,Teresa Ortega,aa,aa,stop,1
506,ll_0506,Carlos Fernandez,sz,sz,stop,1
507,ll_0507,Elizabeth Thomas,hs,hs,stop,1
508,ll_0508,Amy Gonzalez,yz,yz,stop,1
509,ll_0509,Jesus Thompson,sn,sn,stop,1
510,ll_0510,Richard Chavez,dz,dz,stop,1
511,ll_0511,Robert Rivera,ta,ta,stop,1
512,ll_0512,Julie Morales,es,es,stop,1
513,ll_0513,Jessica Chavez,az,az,stop,1
514,ll_0514,Daniel Romero,lo,no,stop,0
515,ll_0515,Jennifer Thomas,rs,rs,stop,1
516,ll_0516,Mark Ramos,ks,ks,stop,1
517,ll_0517,Sharon Rios,ns,ns,stop,1
518,ll_0518,Kevin Aguilar,nr,nr,stop,1
519,ll_0519,Christopher Nelson,rn,rn,stop,1
520,ll_0520,Susan Davis,ns,ns,stop,1
521,ll_0521,Mary Santos,ys,ys,stop,1
522,ll_0522,Martha Smith,ah,ah,stop,1
523,ll_0523,Javier Jackson,rn,rn,stop,1
524,ll_0524,Pedro Martin,on,on,stop,1
525,ll_0525,Anthony Delgado,yo,yo,stop,1
526,ll_0526,Nicole Hernandez,ez,ez,stop,1
527,ll_0527,Linda Castillo,ao,ao,stop,1
528,ll_0528,Susan King,ng,ng,stop,1
529,ll_0529,Brian Mitchell,nl,nl,stop,1
530,ll_0530,Sarah Martin,hn,hn,stop,1
531,ll_0531,Nick Guzman,kn,kn,stop,1
532,ll_0532,John Lewis,ns,ns,stop,1
533,ll_0533,Carmen Nguyen,nn,nn,stop,1
534,ll_0534,Sharon Vazquez,nz,nz,stop,1
535,ll_0535,Patricia Hill,al,al,stop,1
536,ll_0536,Michael Reyes,ls,ls,stop,1
537,ll_0537,Jason Marie,ne,ne,stop,1
538,ll_0538,Kim Torres,ms,ms,stop,1
539,ll_0539,Katie Contreras,es,es,stop,1
540,ll_0540,Manuel Luna,la,la,stop,1
541,ll_0541,Claudia White,ae,ae,stop,1
542,ll_0542,Richard Taylor,dr,dr,stop,1
543,ll_0543,Veronica Gomez,az,az,stop,1
544,ll_0544,Juan Hall,nl,nl,stop,1
545,ll_0545,Juan Ortega,na,na,stop,1
546,ll_0546,Paul Torres,ls,ls,stop,1
547,ll_0547,Jorge Gomez,ez,ez,stop,1
548,ll_0548,Patricia Scott,at,at,stop,1
549,ll_0549,Brandon Hill,nl,nl,stop,1
550,ll_0550,William Harris,ms,ns,stop,0
551,ll_0551,Daniel Anderson,ln,ln,stop,1
552,ll_0552,Anthony Allen,yn,yn,stop,1
553,ll_0553,Christopher Clark,rk,rk,stop,1
554,ll_0554,Oscar Torres,rs,rs,stop,1
555,ll_0555,Nick Robinson,kn,kn,stop,1
556,ll_0556,Monica White,ae,ae,stop,1
557,ll_0557,Rachel Nelson,ln,ln,stop,1
558,ll_0558,Juan Castillo,no,no,stop,1
559,ll_0559,Jonathan Miller,nr,nr,stop,1
560,ll_0560,Claudia Martinez,az,az,stop,1
561,ll_0561,Samantha Ramirez,az,az,stop,1
562,ll_0562,Michelle Adams,es,es,stop,1
563,ll_0563,Ashley Lopez,yz,yz,stop,1
564,ll_0564,Robert Davis,ts,ts,stop,1
565,ll_0565,Pedro Ruiz,oz,oz,stop,1
566,ll_0566,Matthew Vega,wa,wa,stop,1
567,ll_0567,Chris Jackson,sn,sn,stop,1
568,ll_0568,Jessica Garza,aa,aa,stop,1
569,ll_0569,Anna Gomez,az,az,stop,1
570,ll_0570,Tony Ramos,ys,ys,stop,1
571,ll_0571,Brandon Jimenez,nz,nz,stop,1
572,ll_0572,Carmen Singh,nh,nh,stop,1
573,ll_0573,Michelle Ramos,es,es,stop,1
574,ll_0574,Joseph Smith,hh,hh,stop,1
575,ll_0575,Elizabeth Marie,he,he,stop,1
576,ll_0576,Richard Alvarez,dz,dz,stop,1
577,ll_0577,Sara Castillo,ao,ao,stop,1
578,ll_0578,Angel Mendez,lz,lz,stop,1
579,ll_0579,Amanda Khan,an,an,stop,1
580,ll_0580,Miguel Thomas,ls,ls,stop,1
581,ll_0581,Anna Kim,am,am,stop,1
582,ll_0582,Justin Flores,ns,ns,stop,1
583,ll_0583,James Carter,sr,sr,stop,1
584,ll_0584,Kathy Salazar,yr,yr,stop,1
585,ll_0585,Katie Vargas,es,es,stop,1
586,ll_0586,Manuel Vasquez,lz,lz,stop,1
587,ll_0587,Stephanie Thompson,en,en,stop,1
588,ll_0588,Steve Ramirez,ez,ez,stop,1
589,ll_0589,Carmen Walker,nr,nr,stop,1
590,ll_0590,Veronica Gutierrez,az,az,stop,1
591,ll_0591,Anna Rojas,as,as,stop,1
592,ll_0592,Jessica Carter,ar,ar,stop,1
593,ll_0593,Daniel Sandoval,ll,ll,stop,1
594,ll_0594,Jennifer Moreno,ro,ro,stop,1
595,ll_0595,Lauren Hill,nl,nl,stop,1
596,ll_0596,Ashley Miller,yr,yr,stop,1
597,ll_0597,Manuel Morales,ls,ls,stop,1
598,ll_0598,Christina Alvarez,az,az,stop,1
599,ll_0599,Francisco Martin,on,on,stop,1
600,ll_0600,Elizabeth Lopez,hz,hz,stop,1
601,ll_0601,Sharon Castillo,no,no,stop,1
602,ll_0602,Carmen Morales,ns,ns,stop,1
603,ll_0603,Barbara Clark,ak,ak,stop,1
604,ll_0604,Kim Green,mn,mn,stop,1
605,ll_0605,Juan Castillo,no,no,stop,1
606,ll_0606,Samantha Thomas,as,as,stop,1
607,ll_0607,Jonathan Garza,na,na,stop,1
608,ll_0608,Sharon Jackson,nn,nn,stop,1
609,ll_0609,Jason Hall,nl,nl,stop,1
610,ll_0610,Katie Mitchell,el,el,stop,1
611,ll_0611,Kim Gonzalez,mz,mz,stop,1
612,ll_0612,Kim Flores,ms,ms,stop,1
613,ll_0613,Anna Maldonado,ao,ao,stop,1
614,ll_0614,Daniel Miller,lr,nr,stop,0
615,ll_0615,Jonathan Allen,nn,nn,stop,1
616,ll_0616,Christopher Lopez,rz,rz,stop,1
617,ll_0617,Scott Taylor,tr,tr,stop,1
618,ll_0618,Sandra Hall,al,al,stop,1
619,ll_0619,Michelle Young,eg,eg,stop,1
620,ll_0620,Matt Kim,tm,tm,stop,1
621,ll_0621,Mary Gutierrez,yz,yz,stop,1
622,ll_0622,Kim Lee,me,me,stop,1
623,ll_0623,Melissa Williams,as,as,stop,1
624,ll_0624,Pedro Moreno,oo,oo,stop,1
625,ll_0625,Rachel Gonzales,ls,hs,stop,0
626,ll_0626,Karen Diaz,nz,nz,stop,1
627,ll_0627,Gloria Young,ag,ag,stop,1
628,ll_0628,Kimberly Adams,ys,ys,stop,1
629,ll_0629,Michelle Contreras,es,es,stop,1
630,ll_0630,Juan Garcia,na,na,stop,1
631,ll_0631,Susan King,ng,ng,stop,1
632,ll_0632,Amanda Hill,al,al,stop,1
633,ll_0633,Steven Aguilar,nr,nr,stop,1
634,ll_0634,Linda Wright,at,at,stop,1
635,ll_0635,Matt James,ts,ts,stop,1
636,ll_0636,James Walker,sr,sr,stop,1
637,ll_0637,Carmen Anderson,nn,nn,stop,1
638,ll_0638,Luis Gutierrez,sz,sz,stop,1
639,ll_0639,Chris Williams,ss,ss,stop,1
640,ll_0640,Samantha Moore,ae,ae,stop,1
641,ll_0641,Jesus Brown,sn,sn,stop,1
642,ll_0642,Maria Delgado,ao,ao,stop,1
643,ll_0643,Manuel Ruiz,lz,lz,stop,1
644,ll_0644,Eric Alvarado,co,co,stop,1
645,ll_0645,Richard Hall,dl,dl,stop,1
646,ll_0646,Luis Brown,sn,sn,stop,1
647,ll_0647,Steve Johnson,en,en,stop,1
648,ll_0648,Christopher Lopez,rz,rz,stop,1
649,ll_0649,Veronica Green,an,an,stop,1
650,ll_0650,Jose King,eg,eg,stop,1
651,ll_0651,James Lewis,ss,ss,stop,1
652,ll_0652,Robert Lewis,ts,ts,stop,1
653,ll_0653,Jeff Gutierrez,fz,fz,stop,1
654,ll_0654,Kelly Garcia,ya,ya,stop,1
655,ll_0655,Oscar Flores,rs,rs,stop,1
656,ll_0656,Sara Aguilar,ar,ar,stop,1
657,ll_0657,Mark Kim,km,km,stop,1
658,ll_0658,Patricia Rivera,aa,aa,stop,1
659,ll_0659,Laura Vasquez,az,az,stop,1
660,ll_0660,Ana Johnson,an,an,stop,1
661,ll_0661,Michael Vargas,ls,ls,stop,1
662,ll_0662,Tony Wright,yt,yt,stop,1
663,ll_0663,Luis Rojas,ss,ss,stop,1
664,ll_0664,Sharon Jones,ns,ns,stop,1
665,ll_0665,Carmen Thomas,ns,ns,stop,1
666,ll_0666,Ashley Patel,yl,yl,stop,1
667,ll_0667,Laura Romero,ao,ao,stop,1
668,ll_0668,Jason Scott,nt,nt,stop,1
669,ll_0669,Jorge Thompson,en,en,stop,1
670,ll_0670,Maria Alvarado,ao,ao,stop,1
671,ll_0671,Anna Khan,an,an,stop,1
672,ll_0672,Rosa Smith,ah,ah,stop,1
673,ll_0673,Miguel Hall,ll,ll,stop,1
674,ll_0674,Rosa Castillo,ao,ao,stop,1
675,ll_0675,Victor Vasquez,rz,rz,stop,1
676,ll_0676,Susan Garza,na,na,stop,1
677,ll_0677,Joseph Carter,hr,hr,stop,1
678,ll_0678,Nick Taylor,kr,kr,stop,1
679,ll_0679,Joe Mejia,ea,ea,stop,1
680,ll_0680,Matthew Lee,we,we,stop,1
681,ll_0681,Mary Sanchez,yz,yz,stop,1
682,ll_0682,Manuel Nelson,ln,ln,stop,1
683,ll_0683,Jorge Mendez,ez,ez,stop,1
684,ll_0684,Victor Marie,re,re,stop,1
685,ll_0685,Michael Guzman,ln,ln,stop,1
686,ll_0686,Luis Martin,sn,sn,stop,1
687,ll_0687,Jorge Moore,ee,ee,stop,1
688,ll_0688,Stephanie Castro,eo,eo,stop,1
689,ll_0689,Oscar Gomez,rz,rz,stop,1
690,ll_0690,Antonio Fernandez,oz,oz,stop,1
691,ll_0691,Jessica Gutierrez,az,az,stop,1
692,ll_0692,Jessica Cruz,az,az,stop,1
693,ll_0693,Kelly Miller,yr,yr,stop,1
694,ll_0694,Juan Singh,nh,nh,stop,1
695,ll_0695,Ashley Reyes,ys,ys,stop,1
696,ll_0696,Mark Castillo,ko,ko,stop,1
697,ll_0697,Justin King,ng,ng,stop,1
698,ll_0698,Susan Fernandez,nz,nz,stop,1
699,ll_0699,Brian Vasquez,nz,nz,stop,1
700,ll_0700,Jessica Gutierrez,az,az,stop,1
701,ll_0701,Susan Soto,no,no,stop,1
702,ll_0702,Melissa Chavez,az,az,stop,1
703,ll_0703,Amy Moore,ye,ye,stop,1
704,ll_0704,Luis Ramos,ss,ss,stop,1
705,ll_0705,Joe Ramos,es,es,stop,1
706,ll_0706,Teresa Ortega,aa,aa,stop,1
707,ll_0707,Teresa Jimenez,az,az,stop,1
708,ll_0708,Steve Mendoza,ea,eo,stop,0
709,ll_0709,Angel Gonzalez,lz,lz,stop,1
710,ll_0710,Sarah Rios,hs,hs,stop,1
711,ll_0711,Alex Alvarado,xo,xo,stop,1
712,ll_0712,Kevin Jackson,nn,nn,stop,1
713,ll_0713,Rachel Lopez,lz,lz,stop,1
714,ll_0714,Juan Delgado,no,no,stop,1
715,ll_0715,Maria Jackson,an,an,stop,1
716,ll_0716,Joe Maldonado,eo,eo,stop,1
717,ll_0717,Miguel Williams,ls,ls,stop,1
718,ll_0718,Laura Wilson,an,an,stop,1
719,ll_0719,Tony Medina,ya,ya,stop,1
720,ll_0720,Diana Sandoval,al,al,stop,1
721,ll_0721,Steve Rios,es,es,stop,1
722,ll_0722,Mike Scott,et,et,stop,1
723,ll_0723,Rosa Scott,at,at,stop,1
724,ll_0724,Mario Ruiz,oz,oz,stop,1
725,ll_0725,Monica Castillo,ao,ao,stop,1
726,ll_0726,Veronica Castro,ao,ao,stop,1
727,ll_0727,Francisco Santiago,oo,oo,stop,1
728,ll_0728,Carlos Herrera,sa,sa,stop,1
729,ll_0729,Teresa Carter,ar,ar,stop,1
730,ll_0730,Rachel Young,lg,lg,stop,1
731,ll_0731,Andrew Soto,wo,wo,stop,1
732,ll_0732,Carlos Anderson,sn,sn,stop,1
733,ll_0733,Francisco Sanchez,oz,oz,stop,1
734,ll_0734,Jose Clark,ek,ek,stop,1
735,ll_0735,Victor Wilson,rn,rn,stop,1
736,ll_0736,Matt Taylor,tr,tr,stop,1
737,ll_0737,Rachel Rivera,la,la,stop,1
738,ll_0738,Daniel Miller,lr,lr,stop,1
739,ll_0739,Mark Lee,ke,ke,stop,1
740,ll_0740,Elizabeth Maldonado,ho,ho,stop,1
741,ll_0741,Tony Garcia,ya,ya,stop,1
742,ll_0742,Tony Mendoza,ya,ya,stop,1
743,ll_0743,Martha Estrada,aa,aa,stop,1
744,ll_0744,Anna Mendoza,aa,aa,stop,1
745,ll_0745,Kelly Silva,ya,ya,stop,1
746,ll_0746,Ryan Santos,ns,ns,stop,1
747,ll_0747,Paul Mejia,la,la,stop,1
748,ll_0748,Tony Alvarado,yo,yo,stop,1
749,ll_0749,Tony Silva,ya,ya,stop,1
750,ll_0750,Amanda Hernandez,az,az,stop,1
751,ll_0751,Miguel Mejia,la,la,stop,1
752,ll_0752,Amy Singh,yh,yh,stop,1
753,ll_0753,Maria Kim,am,am,stop,1
754,ll_0754,Angela Martin,an,an,stop,1
755,ll_0755,Martha Carter,ar,ar,stop,1
756,ll_0756,Heather Maldonado,ro,ro,stop,1
757,ll_0757,Mario Romero,oo,oo,stop,1
758,ll_0758,Miguel Miller,lr,lr,stop,1
759,ll_0759,Samantha Martinez,az,az,stop,1
760,ll_0760,Sara Flores,as,as,stop,1
761,ll_0761,Daniel Gonzales,ls,ls,stop,1
762,ll_0762,Joseph Patel,hl,hl,stop,1
763,ll_0763,Susan Lopez,nz,nz,stop,1
764,ll_0764,Daniel Lewis,ls,ns,stop,0
765,ll_0765,Jason Wright,nt,nt,stop,1
766,ll_0766,Mike Brown,en,en,stop,1
767,ll_0767,Paul Mejia,la,la,stop,1
768,ll_0768,Kathy Alvarado,yo,yo,stop,1
769,ll_0769,Samantha Anderson,an,an,stop,1
770,ll_0770,Javier King,rg,rg,stop,1
771,ll_0771,Rachel Santiago,lo,lo,stop,1
772,ll_0772,Christopher Young,rg,rg,stop,1
773,ll_0773,Sara Lewis,as,as,stop,1
774,ll_0774,Steven Guzman,nn,nn,stop,1
775,ll_0775,Manuel Diaz,lz,lz,stop,1
776,ll_0776,Veronica Vasquez,az,az,stop,1
777,ll_0777,Lisa Vazquez,az,az,stop,1
778,ll_0778,Robert Castillo,to,to,stop,1
779,ll_0779,Jason Estrada,na,na,stop,1
780,ll_0780,Rosa Rios,as,as,stop,1
781,ll_0781,Lisa Anderson,an,an,stop,1
782,ll_0782,Mario Campbell,ol,ol,stop,1
783,ll_0783,Nick Mendoza,ka,ka,stop,1
784,ll_0784,Angel Williams,ls,ls,stop,1
785,ll_0785,Jonathan Gutierrez,nz,nz,stop,1
786,ll_0786,Anna Hill,al,al,stop,1
787,ll_0787,David Allen,dn,dn,stop,1
788,ll_0788,Miguel White,le,le,stop,1
789,ll_0789,Brenda Morales,as,as,stop,1
790,ll_0790,James Perez,sz,sz,stop,1
791,ll_0791,Carlos Nelson,sn,sn,stop,1
792,ll_0792,Barbara Romero,ao,ao,stop,1
793,ll_0793,Carmen Walker,nr,nr,stop,1
794,ll_0794,Barbara King,ag,ag,stop,1
795,ll_0795,David Gomez,dz,dz,stop,1
796,ll_0796,James Delgado,so,so,stop,1
797,ll_0797,Oscar White,re,re,stop,1
798,ll_0798,Lauren Diaz,nz,nz,stop,1
799,ll_0799,Oscar Green,rn,rn,stop,1
800,ll_0800,Ashley Wilson,yn,yn,stop,1
801,ll_0801,Andrew Ortiz,wz,wz,stop,1
802,ll_0802,Steve Garza,ea,ea,stop,1
803,ll_0803,Carlos Gonzalez,sz,sz,stop,1
804,ll_0804,Joe Moore,ee,ee,stop,1
805,ll_0805,Brandon Carter,nr,nr,stop,1
806,ll_0806,Brenda Marie,ae,ae,stop,1
807,ll_0807,Patricia Morales,as,as,stop,1
808,ll_0808,Carlos Vega,sa,sa,stop,1
809,ll_0809,Javier Sanchez,rz,rz,stop,1
810,ll_0810,Daniel Alvarado,lo,no,stop,0
811,ll_0811,Karen Kim,nm,nm,stop,1
812,ll_0812,Linda Delgado,ao,ao,stop,1
813,ll_0813,Francisco Moreno,oo,oo,stop,1
814,ll_0814,Brandon Salazar,nr,nr,stop,1
815,ll_0815,Linda Adams,as,as,stop,1
816,ll_0816,Anthony Guzman,yn,yn,stop,1
817,ll_0817,Joseph Santiago,ho,ho,stop,1
818,ll_0818,Steve Alvarez,ez,ez,stop,1
819,ll_0819,Susan Gutierrez,nz,nz,stop,1
820,ll_0820,Mario Garza,oa,oa,stop,1
821,ll_0821,Nick Chavez,kz,kz,stop,1
822,ll_0822,Jennifer Harris,rs,rs,stop,1
823,ll_0823,Jorge Salazar,er,er,stop,1
824,ll_0824,Steven Jones,ns,ns,stop,1
825,ll_0825,Robert Torres,ts,ts,stop,1
826,ll_0826,Michael Carter,lr,lr,stop,1
827,ll_0827,Cindy Lee,ye,ye,stop,1
828,ll_0828,Karen Green,nn,nn,stop,1
829,ll_0829,Angel Martin,ln,ln,stop,1
830,ll_0830,Miguel Castro,lo,lo,stop,1
831,ll_0831,Kim Jones,ms,ms,stop,1
832,ll_0832,Chris Hernandez,sz,sz,stop,1
833,ll_0833,Pedro Sanchez,oz,oz,stop,1
834,ll_0834,Teresa Gutierrez,az,az,stop,1
835,ll_0835,Jose Jackson,en,en,stop,1
836,ll_0836,Matthew Lewis,ws,ws,stop,1
837,ll_0837,Samantha Ortiz,az,az,stop,1
838,ll_0838,Sara Johnson,an,an,stop,1
839,ll_0839,Gloria Walker,ar,ar,stop,1
840,ll_0840,Diana Vazquez,az,az,stop,1
841,ll_0841,Matthew Luna,wa,wa,stop,1
842,ll_0842,Maria Flores,as,as,stop,1
843,ll_0843,Kimberly Gutierrez,yz,yz,stop,1
844,ll_0844,Jennifer Young,rg,rg,stop,1
845,ll_0845,Nancy Lewis,ys,ys,stop,1
846,ll_0846,Eric Harris,cs,cs,stop,1
847,ll_0847,Eric Cruz,cz,cz,stop,1
848,ll_0848,Jessica Mejia,aa,aa,stop,1
849,ll_0849,Christopher Rios,rs,rs,stop,1
850,ll_0850,Richard Romero,do,do,stop,1
851,ll_0851,Anna Davis,as,as,stop,1
852,ll_0852,Anna Khan,an,an,stop,1
853,ll_0853,Rosa Alvarado,ao,ao,stop,1
854,ll_0854,John Mejia,na,na,stop,1
855,ll_0855,Carlos Guerrero,so,so,stop,1
856,ll_0856,Nick King,kg,kg,stop,1
857,ll_0857,Martha Guerrero,ao,ao,stop,1
858,ll_0858,James Cruz,sz,sz,stop,1
859,ll_0859,Jonathan Flores,ns,ns,stop,1
860,ll_0860,Joe Cruz,ez,ez,stop,1
861,ll_0861,Elizabeth Harris,hs,hs,stop,1
862,ll_0862,Diana Morales,as,as,stop,1
863,ll_0863,Juan White,ne,ne,stop,1
864,ll_0864,Monica Campbell,al,al,stop,1
865,ll_0865,Amy Ramos,ys,ys,stop,1
866,ll_0866,Jose Vazquez,ez,ez,stop,1
867,ll_0867,Christopher Hill,rl,rl,stop,1
868,ll_0868,Matt Maldonado,to,to,stop,1
869,ll_0869,Amy James,ys,ys,stop,1
870,ll_0870,Martha Mejia,aa,aa,stop,1
871,ll_0871,Daniel Smith,lh,nh,stop,0
872,ll_0872,Angel Ramos,ls,ls,stop,1
873,ll_0873,Anthony Harris,ys,ys,stop,1
874,ll_0874,Martha Sandoval,al,al,stop,1
875,ll_0875,Laura Guzman,an,an,stop,1
876,ll_0876,Tony Allen,yn,yn,stop,1
877,ll_0877,Martha Garza,aa,aa,stop,1
878,ll_0878,Cindy Hill,yl,yl,stop,1
879,ll_0879,Claudia Clark,ak,ak,stop,1
880,ll_0880,Angela Mendez,az,az,stop,1
881,ll_0881,Michelle Ortega,ea,ea,stop,1
882,ll_0882,Carmen Mitchell,nl,nl,stop,1
883,ll_0883,Kimberly James,ys,ys,stop,1
884,ll_0884,Lauren Mendez,nz,nz,stop,1
885,ll_0885,Oscar Nelson,rn,rn,stop,1
886,ll_0886,Steve Ramirez,ez,ez,stop,1
887,ll_0887,Karen Lee,ne,ne,stop,1
888,ll_0888,John Fernandez,nz,nz,stop,1
889,ll_0889,Angela Herrera,aa,aa,stop,1
890,ll_0890,Rachel Sanchez,lz,lz,stop,1
891,ll_0891,David Hernandez,dz,dz,stop,1
892,ll_0892,Javier Gutierrez,rz,rz,stop,1
893,ll_0893,Kimberly Reyes,ys,ys,stop,1
894,ll_0894,Lisa Mitchell,al,al,stop,1
895,ll_0895,Diana Carter,ar,ar,stop,1
896,ll_0896,Alex Nelson,xn,xn,stop,1
897,ll_0897,Pedro Davis,os,os,stop,1
898,ll_0898,Kevin Aguilar,nr,nr,stop,1
899,ll_0899,Katie Medina,ea,ea,stop,1
900,ll_0900,Laura Morales,as,as,stop,1
901,ll_0901,Tony Davis,ys,ys,stop,1
902,ll_0902,Michelle Castillo,eo,eo,stop,1
903,ll_0903,Steve Harris,es,es,stop,1
904,ll_0904,Steven Jackson,nn,nn,stop,1
905,ll_0905,Robert Young,tg,tg,stop,1
906,ll_0906,Michelle Vazquez,ez,ez,stop,1
907,ll_0907,Elizabeth Moreno,ho,ho,stop,1
908,ll_0908,Daniel James,ls,ns,stop,0
909,ll_0909,Matthew Ortiz,wz,wz,stop,1
910,ll_0910,Juan Singh,nh,nh,stop,1
911,ll_0911,Tony King,yg,yg,stop,1
912,ll_0912,Steven Sanchez,nz,nz,stop,1
913,ll_0913,Kathy Mitchell,yl,yl,stop,1
914,ll_0914,Joseph Maldonado,ho,ho,stop,1
915,ll_0915,Ana White,ae,ae,stop,1
916,ll_0916,Nick Contreras,ks,ks,stop,1
917,ll_0917,Barbara Martinez,az,az,stop,1
918,ll_0918,David Sandoval,dl,dl,stop,1
919,ll_0919,Mike Smith,eh,eh,stop,1
920,ll_0920,Jessica Taylor,ar,ar,stop,1
921,ll_0921,Chris Santos,ss,ss,stop,1
922,ll_0922,Lauren Lopez,nz,nz,stop,1
923,ll_0923,Rachel Khan,ln,ln,stop,1
924,ll_0924,Andrew Green,wn,wn,stop,1
925,ll_0925,Luis Wright,st,st,stop,1
926,ll_0926,Emily Gomez,yz,yz,stop,1
927,ll_0927,Jose Guerrero,eo,eo,stop,1
928,ll_0928,Kathy Campbell,yl,yl,stop,1
929,ll_0929,Mark Mendoza,ka,ka,stop,1
930,ll_0930,John Ruiz,nz,nz,stop,1
931,ll_0931,Matthew Jimenez,wz,wz,stop,1
932,ll_0932,Paul Torres,ls,ls,stop,1
933,ll_0933,Eric Ramos,cs,cs,stop,1
934,ll_0934,Brian Ramos,ns,ns,stop,1
935,ll_0935,Jennifer Hall,rl,rl,stop,1
936,ll_0936,Miguel Young,lg,lg,stop,1
937,ll_0937,Teresa Ortiz,az,az,stop,1
938,ll_0938,Jennifer Jimenez,rz,rz,stop,1
939,ll_0939,Chris Robinson,sn,sn,stop,1
940,ll_0940,Laura Gutierrez,az,az,stop,1
941,ll_0941,Claudia Estrada,aa,aa,stop,1
942,ll_0942,Anna Khan,an,an,stop,1
943,ll_0943,Amy Perez,yz,yz,stop,1
944,ll_0944,Matthew King,wg,wg,stop,1
945,ll_0945,Jennifer Sanchez,rz,rz,stop,1
946,ll_0946,Michael Mendoza,la,la,stop,1
947,ll_0947,Monica Alvarado,ao,ao,stop,1
948,ll_0948,Kimberly Maldonado,yo,yo,stop,1
949,ll_0949,James Delgado,so,so,stop,1
950,ll_0950,Victor Torres,rs,rs,stop,1
951,ll_0951,Sandra Fernandez,az,az,stop,1
952,ll_0952,Daniel Sanchez,lz,nz,stop,0
953,ll_0953,Sandra Williams,as,as,stop,1
954,ll_0954,Alex James,xs,xs,stop,1
955,ll_0955,Justin Santiago,no,no,stop,1
956,ll_0956,Mario Lee,oe,oe,stop,1
957,ll_0957,Jason Salazar,nr,nr,stop,1
958,ll_0958,Oscar Wilson,rn,rn,stop,1
959,ll_0959,William Marie,me,ne,stop,0
960,ll_0960,Cindy Aguilar,yr,yr,stop,1
961,ll_0961,Carmen Smith,nh,nh,stop,1
962,ll_0962,Sara Torres,as,as,stop,1
963,ll_0963,Andrew Sandoval,wl,wl,stop,1
964,ll_0964,Sharon Lopez,nz,nz,stop,1
965,ll_0965,Antonio Medina,oa,oa,stop,1
966,ll_0966,Sarah Smith,hh,hh,stop,1
967,ll_0967,Amanda Luna,aa,aa,stop,1
968,ll_0968,Jorge Nelson,en,en,stop,1
969,ll_0969,Mario Fernandez,oz,oz,stop,1
970,ll_0970,Laura Carter,ar,ar,stop,1
971,ll_0971,Sharon Rojas,ns,ns,stop,1
972,ll_0972,Christopher Castillo,ro,ro,stop,1
973,ll_0973,Karen Kim,nm,nm,stop,1
974,ll_0974,Robert Scott,tt,tt,stop,1
975,ll_0975,Susan Diaz,nz,nz,stop,1
976,ll_0976,Brandon Rodriguez,nz,nz,stop,1
977,ll_0977,Joe Adams,es,es,stop,1
978,ll_0978,Mark Mitchell,kl,kl,stop,1
979,ll_0979,Antonio Luna,oa,oa,stop,1
980,ll_0980,Veronica Rodriguez,az,az,stop,1
981,ll_0981,Lisa Thompson,an,an,stop,1
982,ll_0982,Mark Allen,kn,kn,stop,1
983,ll_0983,Anna Guzman,an,an,stop,1
984,ll_0984,Pedro Adams,os,os,stop,1
985,ll_0985,Melissa Miller,ar,ar,stop,1
986,ll_0986,Amanda Walker,ar,ar,stop,1
987,ll_0987,John Ruiz,nz,nz,stop,1
988,ll_0988,Linda Ramos,as,as,stop,1
989,ll_0989,Sara Williams,as,as,stop,1
990,ll_0990,Chris Jackson,sn,sn,stop,1
991,ll_0991,Richard Adams,ds,ds,stop,1
992,ll_0992,Christopher Rodriguez,rz,rz,stop,1
993,ll_0993,Linda Salazar,ar,ar,stop,1
994,ll_0994,Kimberly Jones,ys,ys,stop,1
995,ll_0995,Michael Adams,ls,ls,stop,1
996,ll_0996,Mario Marie,oe,oe,stop,1
997,ll_0997,Joseph Perez,hz,hz,stop,1
998,ll_0998,Emily Castillo,yo,yo,stop,1
999,ll_0999,Robert Sanchez,tz,tz,stop,1
